file,line,raw,context
src/classroom/CheckinRunner.jsx,191,inherit,"fontSize: 15, fontFamily: 'inherit', resize: 'vertical', marginBottom: 16, boxSizing: 'border-box',"
src/classroom/CheckinRunner.jsx,195,inherit,"color: '#fff', fontSize: 15, fontWeight: 600, cursor: 'pointer', fontFamily: 'inherit',"
src/classroom/CheckinRunner.jsx,202,inherit,"cursor: 'pointer', fontFamily: 'inherit',"
src/classroom/ClassRemote.jsx,384,inherit,"color: '#fff', fontSize: 16, fontWeight: 600, cursor: 'pointer', fontFamily: 'inherit',"
src/classroom/ClassRemote.jsx,388,inherit,"color: 'var(--tx2)', fontSize: 15, cursor: 'pointer', fontFamily: 'inherit',"
src/classroom/ClassRemote.jsx,401,inherit,"color: '#fff', fontSize: 13, fontWeight: 600, cursor: 'pointer', fontFamily: 'inherit',"
src/classroom/ClassRoom.jsx,325,inherit,"cursor: 'pointer', fontFamily: 'inherit',"
src/classroom/ClassRoom.jsx,333,inherit,"fontSize: 14, fontFamily: 'inherit',"
src/classroom/ClassRoom.jsx,337,inherit,"color: '#fff', fontSize: 13, fontWeight: 600, cursor: 'pointer', fontFamily: 'inherit',"
src/classroom/ConsoleLecturePlanner.jsx,452,inherit,"linkBtn: { background: 'none', border: 'none', color: 'var(--pk)', fontSize: 12, cursor: 'pointer', fontFamily: 'inherit', padding: 0 },"
src/classroom/ConsoleLecturePlanner.jsx,453,inherit,"linkBtnDanger: { background: 'none', border: 'none', color: '#c04a4a', fontSize: 12, cursor: 'pointer', fontFamily: 'inherit', padding: 0 },"
src/classroom/ConsoleLecturePlanner.jsx,458,inherit,"input: { padding: '7px 10px', borderRadius: 7, border: '1px solid var(--bds)', fontSize: 13, fontFamily: 'inherit' },"
src/classroom/ConsoleLecturePlanner.jsx,478,inherit,"primaryBtnSm: { padding: '7px 16px', borderRadius: 8, border: 'none', background: 'var(--pk)', color: '#fff', fontSize: 13, fontWeight: 600,"
src/classroom/ConsoleLecturePlanner.jsx,479,inherit,"ghostBtnSm: { padding: '7px 16px', borderRadius: 8, border: '1px solid var(--bds)', background: 'none', color: 'var(--tx2)', fontSize: 13, c"
src/classroom/ConsoleLecturePlanner.jsx,480,inherit,"addBtn: { padding: '10px 16px', borderRadius: 8, border: '1px dashed var(--bds)', background: 'none', color: 'var(--pk)', fontSize: 13, curs"
src/classroom/ConsoleParticipation.jsx,113,inherit,"exportBtn: { padding: '8px 16px', borderRadius: 8, border: '1px solid var(--bds)', background: 'var(--bgc)', color: 'var(--pkd)', fontSize: "
src/classroom/LectureLoungeAdminPage.jsx,286,inherit,"btnSmall: { background: 'var(--pk)', color: '#fff', border: 'none', borderRadius: 8, padding: '7px 16px', fontSize: 13, fontWeight: 600, cur"
src/classroom/LectureLoungeAdminPage.jsx,287,inherit,"cancelBtn: { background: 'none', border: '1px solid var(--bd)', borderRadius: 8, padding: '7px 16px', fontSize: 13, cursor: 'pointer', color"
src/classroom/LectureLoungeAdminPage.jsx,290,inherit,"input: { padding: '7px 10px', borderRadius: 7, border: '1px solid var(--bds)', fontSize: 13, fontFamily: 'inherit' },"
src/components/DemoModal.jsx,36,DM Sans,"<p style={{ fontFamily: 'DM Sans', fontSize: 13, fontWeight: 600, color: '#fff', margin: '0 0 2px' }}>"
src/components/DemoModal.jsx,39,Space Mono,"<p style={{ fontFamily: 'Space Mono', fontSize: 11, color: 'rgba(255,255,255,0.45)', margin: 0 }}>"
src/components/DemoModal.jsx,48,DM Sans,"fontFamily: 'DM Sans', fontSize: 13, color: '#fff',"
src/components/ErrorBoundary.jsx,45,inherit,"btn: { padding: '10px 24px', borderRadius: 10, border: 'none', background: 'var(--pk)', color: '#fff', fontSize: 14, fontWeight: 600, cursor"
src/components/Nav.jsx,101,inherit,"fontFamily: 'inherit',"
src/components/Nav.jsx,107,inherit,"fontFamily: 'inherit', whiteSpace: 'nowrap',"
src/components/questionnaire/ChecklistScreen.jsx,83,DM Sans,"fontFamily: 'DM Sans',"
src/components/questionnaire/ChecklistScreen.jsx,105,DM Sans,"fontFamily: 'DM Sans',"
src/components/questionnaire/ChecklistScreen.jsx,119,Space Mono,"fontFamily: 'Space Mono',"
src/components/questionnaire/ChecklistScreen.jsx,154,Space Mono,"fontFamily:     'Space Mono',"
src/components/questionnaire/InstructionFrame.jsx,28,Space Mono,"fontFamily:    'Space Mono',"
src/components/questionnaire/InstructionFrame.jsx,40,DM Sans,"fontFamily: 'DM Sans',"
src/components/questionnaire/InstructionScreen.jsx,32,DM Serif Display,"fontFamily: 'DM Serif Display',"
src/components/questionnaire/InstructionScreen.jsx,44,DM Sans,"fontFamily: 'DM Sans',"
src/components/questionnaire/InstructionScreen.jsx,67,Space Mono,"fontFamily: 'Space Mono',"
src/components/questionnaire/InstructionScreen.jsx,79,DM Sans,"fontFamily: 'DM Sans',"
src/components/questionnaire/InstructionScreen.jsx,107,DM Sans,"fontFamily:   'DM Sans',"
src/components/questionnaire/LikertItem.jsx,56,DM Sans,"fontFamily: 'DM Sans',"
src/components/questionnaire/LikertItem.jsx,70,DM Sans,"fontFamily: 'DM Sans',"
src/components/questionnaire/LikertItem.jsx,138,Space Mono,"fontFamily: 'Space Mono',"
src/components/questionnaire/LikertItem.jsx,148,DM Sans,"fontFamily: 'DM Sans',"
src/components/questionnaire/LikertItem.jsx,166,DM Sans,"fontFamily: 'DM Sans',"
src/components/questionnaire/LikertItem.jsx,198,Space Mono,"fontFamily:     'Space Mono',"
src/components/questionnaire/ProgressLabel.jsx,33,Space Mono,"fontFamily:  'Space Mono',"
src/components/questionnaire/ProgressLabel.jsx,46,Space Mono,"fontFamily: 'Space Mono',"
src/components/questionnaire/ProgressLabel.jsx,64,Space Mono,"fontFamily: 'Space Mono',"
src/components/questionnaire/QuestionnaireRenderer.jsx,158,DM Sans,"fontFamily:     'DM Sans',"
src/components/questionnaire/QuestionnaireRenderer.jsx,275,DM Sans,"fontFamily:     'DM Sans',"
src/components/questionnaire/QuestionnaireRenderer.jsx,298,DM Sans,"fontFamily:     'DM Sans',"
src/components/questionnaire/ScaleChangeScreen.jsx,31,Space Mono,"fontFamily:    'Space Mono',"
src/components/questionnaire/ScaleChangeScreen.jsx,45,DM Sans,"fontFamily: 'DM Sans',"
src/components/questionnaire/ScaleChangeScreen.jsx,90,Space Mono,"fontFamily:  'Space Mono',"
src/components/questionnaire/ScaleChangeScreen.jsx,101,DM Sans,"fontFamily: 'DM Sans',"
src/components/questionnaire/ScaleChangeScreen.jsx,121,DM Sans,"fontFamily:   'DM Sans',"
src/components/study/AssessmentLeadInStep.jsx,100,"-apple-system, BlinkMacSystemFont,","fontFamily: '-apple-system, BlinkMacSystemFont, ""Segoe UI"", Roboto, sans-serif',"
src/components/study/builder/ContactSettingsModal.jsx,185,sans-serif,"srcDoc={`<html><body style=""font-family:sans-serif;font-size:14px;color:#1c1c1e;padding:16px;white-space:pre-wrap"">${previewHtml}</body></ht"
src/components/study/MidpointStep.jsx,521,inherit,"fontFamily: 'inherit',"
src/components/study/MidpointStep.jsx,525,"system-ui,sans-serif","cardTitle: { margin: 0, fontSize: 16, fontWeight: 600, color: '#1a1a18', fontFamily: 'system-ui,sans-serif' },"
src/components/study/MidpointStep.jsx,526,"system-ui,sans-serif","cardMeta:  { margin: '3px 0 0', fontSize: 13.5, color: '#5f5e5a', fontFamily: 'system-ui,sans-serif', lineHeight: 1.45 },"
src/components/study/MidpointStep.jsx,527,"system-ui,sans-serif","cardSub:   { margin: '4px 0 0', fontSize: 12, color: '#888780', fontFamily: 'system-ui,sans-serif' },"
src/components/study/MidpointStep.jsx,532,"system-ui,sans-serif","fontFamily: 'system-ui,sans-serif',"
src/components/study/MidpointStep.jsx,558,"system-ui,sans-serif","fontFamily: 'system-ui,sans-serif', transition: 'background 0.2s',"
src/components/study/MidpointStep.jsx,575,"system-ui,sans-serif","color: '#5f5e5a', marginBottom: 10, fontFamily: 'system-ui,sans-serif',"
src/components/study/MidpointStep.jsx,579,"system-ui,sans-serif","color: '#2c2c2a', marginBottom: 6, fontFamily: 'system-ui,sans-serif',"
src/components/study/MidpointStep.jsx,591,"system-ui,sans-serif","color: '#639922', fontFamily: 'system-ui,sans-serif',"
src/components/study/MidpointStep.jsx,593,"system-ui,sans-serif","heroSub:   { fontSize: 13, color: '#888780', marginTop: 2, fontFamily: 'system-ui,sans-serif' },"
src/components/study/MidpointStep.jsx,594,"system-ui,sans-serif","heroTitle: { fontSize: 24, fontWeight: 800, color: '#1a1a18', marginTop: 6, fontFamily: 'system-ui,sans-serif' },"
src/components/study/MidpointStep.jsx,595,"system-ui,sans-serif","heroDesc:  { fontSize: 13.5, color: '#5f5e5a', marginTop: 6, lineHeight: 1.5, fontFamily: 'system-ui,sans-serif' },"
src/components/study/MidpointStep.jsx,602,"system-ui,sans-serif","fontFamily: 'system-ui,sans-serif',"
src/components/study/MidpointStep.jsx,606,"system-ui,sans-serif","fontFamily: 'system-ui,sans-serif',"
src/components/study/MidpointStep.jsx,614,"system-ui,sans-serif","color: '#5f5e5a', marginBottom: 8, fontFamily: 'system-ui,sans-serif',"
src/components/study/PhysioSetupStep.jsx,178,DM Sans,"<label style={{ fontFamily: 'DM Sans', fontSize: 'var(--fs-body-sm)', color: 'var(--tx2)' }}>"
src/components/study/PhysioSetupStep.jsx,186,Space Mono,"fontFamily: 'Space Mono', fontSize: 'var(--fs-mono-md)',"
src/components/study/PhysioSetupStep.jsx,196,DM Sans,"<p style={{ fontFamily: 'DM Sans', fontSize: 'var(--fs-body-sm)', color: 'var(--tx3)', margin: 0 }}>"
src/components/study/PhysioSetupStep.jsx,229,DM Sans,"<label style={{ fontFamily: 'DM Sans', fontSize: 'var(--fs-body-sm)', color: 'var(--tx2)' }}>"
src/components/study/PhysioSetupStep.jsx,236,Space Mono,"fontFamily: 'Space Mono', fontSize: 'var(--fs-mono-md)',"
src/components/study/PhysioSetupStep.jsx,242,DM Sans,"<p style={{ fontFamily: 'DM Sans', fontSize: 'var(--fs-body-sm)', color: 'var(--tx3)', margin: 0 }}>"
src/components/study/PhysioSetupStep.jsx,248,DM Sans,"<p style={{ fontFamily: 'DM Sans', fontSize: 'var(--fs-body-sm)', color: 'var(--tx3)', margin: 0 }}>"
src/components/study/PhysioSetupStep.jsx,249,Space Mono,"Trigger device: <span style={{ fontFamily: 'Space Mono', color: 'var(--tx2)' }}>"
src/components/study/PhysioSetupStep.jsx,255,DM Sans,"<p style={{ fontFamily: 'DM Sans', fontSize: 'var(--fs-body-sm)', color: 'var(--tx3)', margin: 0 }}>"
src/components/study/PhysioSetupStep.jsx,256,Space Mono,"Participant: <span style={{ fontFamily: 'Space Mono', color: 'var(--tx2)' }}>{enrollment.external_id}</span>"
src/components/study/PhysioSetupStep.jsx,302,DM Serif Display,"<h1 style={{ fontFamily: 'DM Serif Display', fontSize: 22, color: 'var(--tx)' }}>"
src/components/study/PhysioSetupStep.jsx,316,DM Serif Display,"<h2 style={{ fontFamily: 'DM Serif Display', fontSize: 20, color: 'var(--tx)' }}>{title}</h2>"
src/components/study/PhysioSetupStep.jsx,326,DM Sans,"fontFamily: 'DM Sans', fontSize: 'var(--fs-body)', fontWeight: 600,"
src/components/study/PhysioSetupStep.jsx,342,DM Sans,"<p style={{ color: '#c0392b', fontFamily: 'DM Sans', fontSize: 'var(--fs-body-sm)' }}>"
src/components/study/SessionDemoModal.jsx,107,"Space Mono, monospace","stripText: { fontFamily: 'Space Mono, monospace', fontSize: 11, color: 'rgba(255,255,255,0.7)' },"
src/components/study/SessionDemoModal.jsx,111,DM Sans,"fontFamily: 'DM Sans', fontSize: 12, color: '#fff', whiteSpace: 'nowrap',"
src/components/study/SessionDemoModal.jsx,114,DM Sans,"err: { padding: 40, textAlign: 'center', fontFamily: 'DM Sans', color: '#e04', fontSize: 14 },"
src/components/study/SessionDemoModal.jsx,115,DM Sans,"doneCard: { padding: '80px 24px', textAlign: 'center', fontFamily: 'DM Sans' },"
src/components/study/SessionDemoModal.jsx,120,DM Sans,"padding: '11px 26px', fontSize: 14, fontWeight: 600, cursor: 'pointer', fontFamily: 'DM Sans',"
src/components/study/StepDispatcher.jsx,267,inherit,"btn:  { background: 'var(--pk)', color: '#fff', border: 'none', borderRadius: 10, padding: '11px 28px', fontSize: 14, fontWeight: 600, curso"
src/games/BreathBelt/BreathBelt.jsx,419,DM Sans,"<label style={{ fontFamily: 'DM Sans', fontSize: 'var(--fs-body-sm)', color: 'var(--tx2)' }}>"
src/games/BreathBelt/BreathBelt.jsx,427,Space Mono,"fontFamily: 'Space Mono', fontSize: 'var(--fs-mono-md)',"
src/games/BreathBelt/BreathBelt.jsx,437,DM Sans,"<p style={{ fontFamily: 'DM Sans', fontSize: 'var(--fs-body-sm)', color: 'var(--tx3)', margin: 0 }}>"
src/games/BreathBelt/BreathBelt.jsx,472,DM Sans,"<label style={{ fontFamily: 'DM Sans', fontSize: 'var(--fs-body-sm)', color: 'var(--tx2)' }}>"
src/games/BreathBelt/BreathBelt.jsx,477,Space Mono,"fontFamily: 'Space Mono', fontSize: 'var(--fs-mono-md)',"
src/games/BreathBelt/BreathBelt.jsx,492,Space Mono,"fontFamily: 'Space Mono', fontSize: 'var(--fs-mono-md)',"
src/games/BreathBelt/BreathBelt.jsx,500,DM Sans,"<p style={{ fontFamily: 'DM Sans', fontSize: 'var(--fs-body-sm)', color: 'var(--tx3)', margin: 0 }}>"
src/games/BreathBelt/BreathBelt.jsx,507,DM Sans,"<label style={{ fontFamily: 'DM Sans', fontSize: 'var(--fs-body-sm)', color: 'var(--tx2)' }}>"
src/games/BreathBelt/BreathBelt.jsx,514,Space Mono,"fontFamily: 'Space Mono', fontSize: 'var(--fs-mono-md)',"
src/games/BreathBelt/BreathBelt.jsx,520,DM Sans,"<p style={{ fontFamily: 'DM Sans', fontSize: 'var(--fs-body-sm)', color: 'var(--tx3)', margin: 0 }}>"
src/games/BreathBelt/BreathBelt.jsx,525,DM Sans,"<p style={{ fontFamily: 'DM Sans', fontSize: 'var(--fs-body-sm)', color: 'var(--tx3)', margin: 0 }}>"
src/games/BreathBelt/BreathBelt.jsx,526,Space Mono,"Trigger device: <span style={{ fontFamily: 'Space Mono', color: 'var(--tx2)' }}>"
src/games/BreathBelt/BreathBelt.jsx,816,DM Serif Display,"<h1 style={{ fontFamily: 'DM Serif Display', fontSize: 22, color: 'var(--tx)' }}>"
src/games/BreathBelt/BreathBelt.jsx,839,DM Sans,"fontFamily: 'DM Sans', fontSize: 'var(--fs-body-sm)', fontWeight: 600,"
src/games/BreathBelt/BreathBelt.jsx,852,DM Serif Display,"<h2 style={{ fontFamily: 'DM Serif Display', fontSize: 20, color: 'var(--tx)' }}>{title}</h2>"
src/games/BreathBelt/BreathBelt.jsx,862,DM Sans,"fontFamily: 'DM Sans', fontSize: 'var(--fs-body)', fontWeight: 600,"
src/games/BreathBelt/BreathBelt.jsx,878,DM Sans,"<p style={{ color: '#c0392b', fontFamily: 'DM Sans', fontSize: 'var(--fs-body-sm)' }}>"
src/games/BreathBelt/components/BaselineScreen.jsx,148,Space Mono,"<span style={{ fontFamily: 'Space Mono', fontSize: 'var(--fs-mono-md)', color: 'var(--tx2)' }}>"
src/games/BreathBelt/components/BrowserWarning.jsx,16,DM Serif Display,"style={{ fontFamily: 'DM Serif Display', fontSize: 24, color: 'var(--tx)' }}"
src/games/BreathBelt/components/BrowserWarning.jsx,24,Space Mono,"<p style={{ color: 'var(--tx3)', fontSize: 'var(--fs-body-sm)', fontFamily: 'Space Mono' }}>"
src/games/BreathBelt/components/CalibReviewPanel.jsx,38,DM Serif Display,"<h3 style={{ fontFamily: 'DM Serif Display', fontSize: 20, color: 'var(--tx)', margin: 0 }}>"
src/games/BreathBelt/components/CalibReviewPanel.jsx,59,DM Sans,"style={{ fontFamily: 'DM Sans', fontSize: 'var(--fs-body-sm)' }}"
src/games/BreathBelt/components/FixedTrialsScreen.jsx,143,Space Mono,"<p style={{ fontFamily: 'Space Mono', fontSize: 'var(--fs-mono-sm)', color: 'var(--tx3)' }}>"
src/games/BreathBelt/components/Phase2ReviewScreen.jsx,17,DM Serif Display,"<h2 style={{ fontFamily: 'DM Serif Display', fontSize: 22, color: 'var(--tx)', margin: 0 }}>"
src/games/BreathBelt/components/Phase2ReviewScreen.jsx,47,Space Mono,"<span style={{ fontFamily: 'Space Mono', fontSize: '0.62rem', color: '#555' }}>"
src/games/BreathBelt/components/Phase2ReviewScreen.jsx,50,Space Mono,"<span style={{ fontFamily: 'Space Mono', fontSize: '0.62rem', color: CONDITION_COLORS[g.condition] ?? '#555' }}>"
src/games/BreathBelt/components/SessionComplete.jsx,19,DM Serif Display,"style={{ fontFamily: 'DM Serif Display', fontSize: 24, color: 'var(--tx)' }}>"
src/games/BreathBelt/components/SessionComplete.jsx,30,Space Mono,"<p style={{ fontFamily: 'Space Mono', fontSize: 'var(--fs-mono-sm)',"
src/games/BreathBelt/components/SessionComplete.jsx,43,Space Mono,"<p style={{ fontFamily: 'Space Mono', fontSize: 'var(--fs-mono-sm)',"
src/games/BreathBelt/components/SessionComplete.jsx,66,Space Mono,"<span style={{ fontFamily: 'Space Mono', fontSize: 'var(--fs-mono-sm)', color: 'var(--tx)' }}>"
src/games/BreathBelt/components/SessionComplete.jsx,77,Space Mono,"<span style={{ fontFamily: 'Space Mono', fontSize: 'var(--fs-mono-sm)', color: 'var(--tx)' }}>"
src/games/BreathBelt/components/TrialSyncOverlay.jsx,68,Space Mono,"<span style={{ fontFamily: 'Space Mono', fontSize: '0.68rem', color: '#666' }}>"
src/games/BreathBelt/components/TrialSyncOverlay.jsx,129,Space Mono,"<span style={{ fontFamily: 'Space Mono', fontSize: '0.65rem', color: '#555' }}>{label}</span>"
src/games/BreathBelt/components/TrialSyncOverlay.jsx,130,Space Mono,"<strong style={{ fontFamily: 'Space Mono', fontSize: '0.65rem', color }}>{value}</strong>"
src/games/Drift/Drift.jsx,159,"Space Mono,monospace","<div style={{ background: '#F4E0F0', borderRadius: '50%', width: 28, height: 28, display: 'flex', alignItems: 'center', justifyContent: 'cen"
src/games/Drift/Drift.jsx,247,"Space Mono,monospace","fontFamily: 'Space Mono,monospace', fontSize: 13, letterSpacing: '0.04em',"
src/games/Drift/Drift.jsx,286,"DM Serif Display,serif","<p style={{ fontFamily: 'DM Serif Display,serif', fontSize: 24, color: labelColor, margin: 0 }}>{label}</p>"
src/games/Drift/Drift.jsx,293,"Space Mono,monospace","<span style={{ fontFamily: 'Space Mono,monospace', fontSize: 11, color: '#bbb', textTransform: 'uppercase', letterSpacing: '0.08em' }}>Targe"
src/games/Drift/Drift.jsx,294,"Space Mono,monospace","<span style={{ fontFamily: 'Space Mono,monospace', fontSize: 12, color: '#888' }}>{(targetMs / 1000).toFixed(1)}s</span>"
src/games/Drift/Drift.jsx,303,"Space Mono,monospace","<span style={{ fontFamily: 'Space Mono,monospace', fontSize: 11, color: '#f068a4', textTransform: 'uppercase', letterSpacing: '0.08em' }}>Yo"
src/games/Drift/Drift.jsx,304,"Space Mono,monospace","<span style={{ fontFamily: 'Space Mono,monospace', fontSize: 12, color: '#f068a4' }}>{(reproducedMs / 1000).toFixed(1)}s</span>"
src/games/Drift/Drift.jsx,310,"Space Mono,monospace","<div style={{ textAlign: 'center', marginTop: 14, fontFamily: 'Space Mono,monospace', fontSize: 13, color: '#abadb0' }}>"
src/games/Drift/Drift.jsx,345,"Space Mono,monospace","<div style={{ fontFamily: 'Space Mono,monospace', fontSize: 12, color: '#ccc', width: 20, flexShrink: 0 }}>{i + 1}</div>"
src/games/Drift/Drift.jsx,350,"Space Mono,monospace","<div style={{ fontFamily: 'Space Mono,monospace', fontSize: 12, color: '#bbb', width: 40, textAlign: 'right' }}>"
src/games/Drift/Drift.jsx,353,"Space Mono,monospace","<div style={{ fontFamily: 'Space Mono,monospace', fontSize: 13, fontWeight: 700, color, width: 40, textAlign: 'right' }}>"
src/games/Drift/Drift.jsx,360,"Space Mono,monospace","<span style={{ fontFamily: 'Space Mono,monospace', fontSize: 11, color: '#bbb', textTransform: 'uppercase', letterSpacing: '0.08em' }}>Mean "
src/games/Drift/Drift.jsx,361,"Space Mono,monospace","<span style={{ fontFamily: 'Space Mono,monospace', fontSize: 13, color: '#888' }}>{meanErrSec.toFixed(1)}s</span>"
src/games/Drift/Drift.jsx,570,"Space Mono,monospace","eyebrow:    { fontFamily: 'Space Mono,monospace', fontSize: 12, color: '#abadb0', letterSpacing: '0.12em', textTransform: 'uppercase', margi"
src/games/Drift/Drift.jsx,571,"DM Serif Display,serif","h1:         { fontFamily: 'DM Serif Display,serif', fontSize: 28, color: '#1c1c1e', fontWeight: 400, margin: '0 0 8px' },"
src/games/Drift/Drift.jsx,574,"DM Serif Display,serif","phase:      { fontFamily: 'DM Serif Display,serif', fontSize: 22, color: '#1c1c1e', fontWeight: 400, margin: 0 },"
src/games/Drift/Drift.jsx,576,"Space Mono,monospace","hint:       { fontFamily: 'Space Mono,monospace', fontSize: 12, color: '#C8B0BC', letterSpacing: '0.08em', textAlign: 'center', margin: 0 },"
src/games/Drift/Drift.jsx,577,"DM Sans,sans-serif","btnPrimary: { background: '#f068a4', color: 'white', border: 'none', borderRadius: 12, padding: 14, fontFamily: 'DM Sans,sans-serif', fontSi"
src/games/Drift/Drift.jsx,578,"DM Sans,sans-serif","btnOutline: { background: 'white', color: '#f068a4', border: '1.5px solid #f068a4', borderRadius: 12, padding: 11, fontFamily: 'DM Sans,sans"
src/games/EbbAndFlow/components/ModeSelector.jsx,59,inherit,"fontFamily: 'inherit',"
src/games/EbbAndFlow/components/ResponseScreen.jsx,162,inherit,"cursor: 'pointer', fontFamily: 'inherit',"
src/games/FaceRead/FaceRead.jsx,116,"DM Sans,sans-serif","<div style={{ fontFamily: 'DM Sans,sans-serif', fontSize: 12, color: '#abadb0', marginTop: 4 }}>{em.name}</div>"
src/games/FaceRead/FaceRead.jsx,128,"Space Mono,monospace","<div style={{ background: '#F4E0F0', borderRadius: '50%', width: 28, height: 28, display: 'flex', alignItems: 'center', justifyContent: 'cen"
src/games/FaceRead/FaceRead.jsx,187,"DM Serif Display,serif","<div style={{ fontFamily: 'DM Serif Display,serif', fontSize: 14, color: '#1c1c1e' }}>"
src/games/FaceRead/FaceRead.jsx,191,"Space Mono,monospace","<div style={{ fontFamily: 'Space Mono,monospace', fontSize: 13, color: score >= 80 ? '#1EA878' : score >= 50 ? '#D88000' : '#e05080', fontWe"
src/games/FaceRead/FaceRead.jsx,238,"Space Mono,monospace","<div style={{ fontFamily: 'Space Mono,monospace', fontSize: 12, color: '#ccc', width: 20, flexShrink: 0 }}>{i + 1}</div>"
src/games/FaceRead/FaceRead.jsx,245,"Space Mono,monospace","<div style={{ fontFamily: 'Space Mono,monospace', fontSize: 13, fontWeight: 600, width: 36, textAlign: 'right',"
src/games/FaceRead/FaceRead.jsx,432,"Space Mono,monospace","eyebrow:   { fontFamily: 'Space Mono,monospace', fontSize: 12, color: '#abadb0', letterSpacing: '0.12em', textTransform: 'uppercase', margin"
src/games/FaceRead/FaceRead.jsx,433,"DM Serif Display,serif","introH1:   { fontFamily: 'DM Serif Display,serif', fontSize: 26, color: '#1c1c1e', fontWeight: 400, margin: '0 0 8px' },"
src/games/FaceRead/FaceRead.jsx,436,"DM Serif Display,serif","ratingQ:   { fontFamily: 'DM Serif Display,serif', fontSize: 20, color: '#1c1c1e', fontWeight: 400 },"
src/games/FaceRead/FaceRead.jsx,438,"DM Sans,sans-serif","btnPrimary: { background: '#f068a4', color: 'white', border: 'none', borderRadius: 12, padding: 14, fontFamily: 'DM Sans,sans-serif', fontSi"
src/games/FaceRead/FaceRead.jsx,439,"DM Sans,sans-serif","btnOutline: { background: 'white', color: '#f068a4', border: '1.5px solid #f068a4', borderRadius: 12, padding: 11, fontFamily: 'DM Sans,sans"
src/games/FarmJoy/components/Intro.jsx,12,"Space Mono,monospace","<p style={{ fontFamily: 'Space Mono,monospace', fontSize: 11, letterSpacing: '0.12em',"
src/games/FarmJoy/components/Intro.jsx,16,"DM Serif Display,serif","<h1 style={{ fontFamily: 'DM Serif Display,serif', fontSize: 30,"
src/games/FarmJoy/components/Intro.jsx,22,"DM Sans,sans-serif","<p style={{ fontFamily: 'DM Sans,sans-serif', fontSize: 16, color: 'rgba(255,255,255,0.85)',"
src/games/FarmJoy/components/Intro.jsx,34,"DM Sans,sans-serif","borderRadius: 999, fontSize: 16, fontFamily: 'DM Sans,sans-serif',"
src/games/FarmJoy/components/PullableVeggie.jsx,262,"DM Serif Display, serif","fontFamily:   'DM Serif Display, serif',"
src/games/FarmJoy/components/VeggieReveal.jsx,127,"DM Serif Display, serif","fontFamily:  'DM Serif Display, serif',"
src/games/FarmJoy/FarmJoy.jsx,377,"Space Mono,monospace","padding: '6px 16px', fontFamily: 'Space Mono,monospace',"
src/games/FarmJoy/FarmJoy.jsx,487,"DM Serif Display, serif","fontFamily: 'DM Serif Display, serif',"
src/games/FarmJoy/FarmJoy.jsx,634,"DM Sans, sans-serif","fontSize: 15, fontFamily: 'DM Sans, sans-serif', fontWeight: 600,"
src/games/FarmJoy/FarmJoy.jsx,700,"DM Serif Display, serif","<p style={{ fontFamily: 'DM Serif Display, serif', fontSize: 'clamp(13px, 3vw, 17px)', color: 'rgba(255,255,255,0.92)', margin: 0, fontStyle"
src/games/FarmJoy/FarmJoy.jsx,858,"DM Sans, sans-serif","fontSize: 15, fontFamily: 'DM Sans, sans-serif', fontWeight: 600,"
src/games/FarmJoy/FarmJoy.jsx,944,"DM Serif Display,serif","<p style={{ fontFamily: 'DM Serif Display,serif', fontSize: 24,"
src/games/FarmJoy/FarmJoy.jsx,962,"DM Serif Display,serif","<p style={{ fontFamily: 'DM Serif Display,serif', fontSize: 26,"
src/games/FarmJoy/FarmJoy.jsx,966,"DM Sans,sans-serif","<p style={{ fontFamily: 'DM Sans,sans-serif', fontSize: 15,"
src/games/FarmJoy/FarmJoy.jsx,974,"DM Sans,sans-serif","fontFamily: 'DM Sans,sans-serif', fontSize: 18, color: '#fff', fontWeight: 600 }}>"
src/games/FarmJoy/FarmJoy.jsx,995,"DM Serif Display,serif","<p style={{ fontFamily: 'DM Serif Display,serif', fontSize: 20,"
src/games/FarmJoy/FarmJoy.jsx,1002,"DM Sans,sans-serif","fontFamily: 'DM Sans,sans-serif', outline: 'none' }} />"
src/games/FarmJoy/FarmJoy.jsx,1028,"DM Serif Display, serif","fontFamily: 'DM Serif Display, serif',"
src/games/FarmJoy/FarmJoy.jsx,1041,"Space Mono,monospace","padding: '6px 16px', fontFamily: 'Space Mono,monospace',"
src/games/FarmJoy/FarmJoy.jsx,1054,"DM Sans,sans-serif","fontSize: 16, fontFamily: 'DM Sans,sans-serif', fontWeight: 600,"
src/games/FarmJoy/FarmJoy.jsx,1066,"DM Sans,sans-serif","borderRadius: 999, fontSize: 15, fontFamily: 'DM Sans,sans-serif',"
src/games/FarmJoy/FarmJoy.jsx,1072,"DM Sans,sans-serif","fontFamily: 'DM Sans,sans-serif', fontWeight: 500, cursor: 'pointer',"
src/games/OwlBarn.jsx,908,"system-ui,-apple-system,sans-serif","fontFamily: 'system-ui,-apple-system,sans-serif', padding: '20px',"
src/games/OwlBarn.jsx,938,"system-ui,sans-serif","cursor: 'pointer', fontFamily: 'system-ui,sans-serif',"
src/games/OwlBarn.jsx,944,"system-ui,sans-serif","fontFamily: 'system-ui,sans-serif',"
src/games/PondWatch.jsx,682,"system-ui, -apple-system, sans-serif","fontFamily: 'system-ui, -apple-system, sans-serif',"
src/games/PondWatch.jsx,767,"system-ui, sans-serif","fontFamily: 'system-ui, sans-serif',"
src/games/shared/ArousalRating.jsx,42,"Space Mono,monospace","<span style={{ fontFamily: 'Space Mono,monospace', fontSize: 11, color: isSelected ? '#f068a4' : '#abadb0', transition: 'color 0.12s' }}>"
src/games/shared/ConfidenceRating.jsx,77,"Space Mono,monospace","<span style={{ fontFamily: 'Space Mono,monospace', fontSize: 11, color: isSelected ? '#f068a4' : '#abadb0', transition: 'color 0.12s' }}>"
src/games/StillWater/StillWater.jsx,76,"DM Sans,sans-serif","<text x={NE.x + 7}  y={NE.y + 1}  fontSize=""12"" fill=""#C4A000"" fontFamily=""DM Sans,sans-serif"" fontWeight=""500"">Excited</text>"
src/games/StillWater/StillWater.jsx,77,"DM Sans,sans-serif","<text x={SW.x - 7}  y={SW.y + 12} fontSize=""12"" fill=""#C4A000"" fontFamily=""DM Sans,sans-serif"" fontWeight=""500"" textAnchor=""end"">Sad</text>"
src/games/StillWater/StillWater.jsx,78,"DM Sans,sans-serif","<text x={NW.x - 7}  y={NW.y + 1}  fontSize=""12"" fill=""#804080"" fontFamily=""DM Sans,sans-serif"" fontWeight=""500"" textAnchor=""end"">Tense</text"
src/games/StillWater/StillWater.jsx,79,"DM Sans,sans-serif","<text x={SE.x + 7}  y={SE.y + 14} fontSize=""12"" fill=""#804080"" fontFamily=""DM Sans,sans-serif"" fontWeight=""500"">Calm</text>"
src/games/StillWater/StillWater.jsx,90,"Space Mono,monospace","<div style={{ background: bg, borderRadius: '50%', width: 28, height: 28, display: 'flex', alignItems: 'center', justifyContent: 'center', f"
src/games/StillWater/StillWater.jsx,147,"DM Serif Display,serif","<div style={{ fontFamily: 'DM Serif Display,serif', fontSize: 14, color: '#1c1c1e', fontWeight: 400 }}>"
src/games/StillWater/StillWater.jsx,151,"Space Mono,monospace","<div style={{ fontFamily: 'Space Mono,monospace', fontSize: 12, color: '#abadb0', marginTop: 1, textTransform: 'uppercase', letterSpacing: '"
src/games/StillWater/StillWater.jsx,165,"DM Sans,sans-serif","<span style={{ fontFamily: 'DM Sans,sans-serif', fontSize: 12, color: '#888', width: 48, textAlign: 'right', flexShrink: 0 }}>{labels.left}<"
src/games/StillWater/StillWater.jsx,175,"DM Sans,sans-serif","<span style={{ fontFamily: 'DM Sans,sans-serif', fontSize: 12, color: '#888', width: 48, flexShrink: 0 }}>{labels.right}</span>"
src/games/StillWater/StillWater.jsx,208,"Space Mono,monospace","<p style={{ fontFamily: 'Space Mono,monospace', fontSize: 12, color: '#abadb0', textTransform: 'uppercase', letterSpacing: '0.08em' }}>"
src/games/StillWater/StillWater.jsx,374,"Space Mono,monospace","eyebrow:  { fontFamily: 'Space Mono,monospace', fontSize: 12, color: '#abadb0', letterSpacing: '0.12em', textTransform: 'uppercase', marginB"
src/games/StillWater/StillWater.jsx,375,"DM Serif Display,serif","introH1:  { fontFamily: 'DM Serif Display,serif', fontSize: 26, color: '#1c1c1e', fontWeight: 400, margin: '0 0 8px' },"
src/games/StillWater/StillWater.jsx,378,"DM Serif Display,serif","ratingQ:  { fontFamily: 'DM Serif Display,serif', fontSize: 20, color: '#1c1c1e', fontWeight: 400 },"
src/games/StillWater/StillWater.jsx,379,"DM Serif Display,serif","revealH2: { fontFamily: 'DM Serif Display,serif', fontSize: 22, color: '#1c1c1e', fontWeight: 400, marginBottom: 3 },"
src/games/StillWater/StillWater.jsx,381,"Space Mono,monospace","statsCard:{ background: 'white', borderRadius: 13, padding: '10px 12px', boxShadow: '0 2px 18px rgba(180,120,160,0.10)', fontFamily: 'Space "
src/games/StillWater/StillWater.jsx,383,"DM Sans,sans-serif","btnPrimary: { background: '#f068a4', color: 'white', border: 'none', borderRadius: 12, padding: 14, fontFamily: 'DM Sans,sans-serif', fontSi"
src/games/StillWater/StillWater.jsx,384,"DM Sans,sans-serif","btnOutline: { background: 'white', color: '#f068a4', border: '1.5px solid #f068a4', borderRadius: 12, padding: 11, fontFamily: 'DM Sans,sans"
src/games/StillWater/WheelSVG.jsx,104,"DM Sans,sans-serif","fontFamily=""DM Sans,sans-serif"""
src/games/StillWater/WheelSVG.jsx,121,"DM Sans,sans-serif","fontSize=""13"" fontFamily=""DM Sans,sans-serif"""
src/pages/admin/AdvancedInstrumentPreview.jsx,44,Space Mono,"<p style={{ color: 'var(--tx3)', fontFamily: 'Space Mono', fontSize: 'var(--fs-mono-sm)' }}>"
src/pages/admin/AdvancedInstrumentPreview.jsx,72,DM Sans,"<span style={{ fontFamily: 'DM Sans', fontSize: 'var(--fs-body-sm)', color: 'var(--tx)', fontWeight: 600, flex: 1 }}>"
src/pages/admin/AdvancedInstrumentPreview.jsx,86,Space Mono,"<p style={{ fontFamily: 'Space Mono', fontSize: 'var(--fs-mono-sm)', color: 'var(--tx3)', margin: 0 }}>"
src/pages/admin/AdvancedInstrumentPreview.jsx,94,DM Serif Display,"<p style={{ fontFamily: 'DM Serif Display', fontSize: 24, color: 'var(--tx)', margin: '0 0 8px' }}>"
src/pages/admin/AdvancedInstrumentPreview.jsx,97,DM Sans,"<p style={{ fontFamily: 'DM Sans', fontSize: 'var(--fs-body-sm)', color: 'var(--tx2)', margin: '0 0 20px' }}>"
src/pages/admin/AdvancedInstrumentPreview.jsx,105,DM Sans,"fontFamily: 'DM Sans', fontSize: 'var(--fs-body-sm)', fontWeight: 600,"
src/pages/admin/AdvancedInstrumentPreview.jsx,114,Space Mono,"<p style={{ padding: 40, color: 'var(--tx3)', fontFamily: 'Space Mono', fontSize: 'var(--fs-mono-sm)' }}>"
src/pages/admin/AdvancedInstrumentPreview.jsx,130,DM Sans,"<p style={{ fontFamily: 'DM Sans', fontSize: 'var(--fs-body)', color: 'var(--tx2)', lineHeight: 1.6 }}>"
src/pages/admin/AdvancedInstrumentPreview.jsx,145,DM Sans,"fontFamily:   'DM Sans',"
src/pages/admin/AudioAdmin.jsx,120,DM Sans,"<p style={{ margin: '0 0 12px', fontFamily: 'DM Sans', color: 'var(--tx2)', fontSize: 15 }}>"
src/pages/admin/AudioAdmin.jsx,188,DM Sans,"fontFamily: 'DM Sans', fontSize: 13,"
src/pages/admin/AudioAdmin.jsx,199,Space Mono,"fontSize: 11, fontFamily: 'Space Mono',"
src/pages/admin/AudioAdmin.jsx,249,DM Sans,"<span style={{ fontFamily: 'DM Sans', fontSize: 13, color: 'var(--tx2)' }}>Delete?</span>"
src/pages/admin/AudioAdmin.jsx,288,DM Sans,"<p style={{ fontFamily: 'DM Sans', fontSize: 15, fontWeight: 600, color: '#fff', margin: '0 0 2px' }}>"
src/pages/admin/AudioAdmin.jsx,291,Space Mono,"<p style={{ fontFamily: 'Space Mono', fontSize: 11, color: 'rgba(255,255,255,0.45)', margin: 0 }}>"
src/pages/admin/AudioAdmin.jsx,300,DM Sans,"fontFamily: 'DM Sans', fontSize: 13, color: '#fff',"
src/pages/admin/AudioAdmin.jsx,321,DM Sans,"fontFamily: 'DM Sans', fontSize: 13,"
src/pages/admin/AudioAdmin.jsx,325,Space Mono,"fontFamily: 'Space Mono', fontSize: 12,"
src/pages/admin/AudioAdmin.jsx,331,DM Sans,"fontFamily: 'DM Sans', fontSize: 14, fontWeight: 600,"
src/pages/admin/AudioAdmin.jsx,337,DM Sans,"fontFamily: 'DM Sans', fontSize: 14, color: '#8b4513',"
src/pages/admin/AudioAdmin.jsx,344,Space Mono,"fontFamily: 'Space Mono', fontSize: 11,"
src/pages/admin/AudioAdmin.jsx,364,DM Sans,"fontFamily: 'DM Sans', fontSize: 14, fontWeight: 600,"
src/pages/admin/AudioAdmin.jsx,369,DM Sans,"fontFamily: 'DM Sans', fontSize: 12,"
src/pages/admin/AudioAdmin.jsx,373,Space Mono,"fontFamily: 'Space Mono', fontSize: 11,"
src/pages/admin/AudioAdmin.jsx,380,DM Sans,"fontFamily: 'DM Sans', fontSize: 12,"
src/pages/admin/AudioAdmin.jsx,386,DM Sans,"fontFamily: 'DM Sans', fontSize: 12,"
src/pages/admin/AudioAdmin.jsx,392,DM Sans,"fontFamily: 'DM Sans', fontSize: 12,"
src/pages/admin/AudioUpload.jsx,218,DM Sans,"<p style={{ fontFamily: 'DM Sans', fontSize: 14, fontWeight: 600, color: 'var(--tx)', margin: '0 0 4px' }}>"
src/pages/admin/AudioUpload.jsx,221,Space Mono,"<p style={{ fontFamily: 'Space Mono', fontSize: 11, color: 'var(--tx3)', margin: '0 0 8px' }}>"
src/pages/admin/AudioUpload.jsx,238,DM Sans,"<p style={{ fontFamily: 'DM Sans', fontSize: 15, color: 'var(--tx2)', margin: '8px 0 4px' }}>"
src/pages/admin/AudioUpload.jsx,241,DM Sans,"<p style={{ fontFamily: 'DM Sans', fontSize: 13, color: 'var(--tx3)', margin: 0 }}>"
src/pages/admin/AudioUpload.jsx,281,Space Mono,"<p style={{ fontFamily: 'Space Mono', fontSize: 11, color: 'var(--tx3)', margin: '4px 0 0' }}>"
src/pages/admin/AudioUpload.jsx,293,DM Sans,"<span style={{ fontFamily: 'DM Sans', fontSize: 13, color: 'var(--tx2)' }}>"
src/pages/admin/AudioUpload.jsx,296,Space Mono,"<span style={{ fontFamily: 'Space Mono', fontSize: 11, color: 'var(--tx3)' }}>{progress}%</span>"
src/pages/admin/AudioUpload.jsx,339,Space Mono,"fontFamily: 'Space Mono', fontSize: 11,"
src/pages/admin/AudioUpload.jsx,349,Space Mono,"fontFamily: 'Space Mono', fontSize: 10,"
src/pages/admin/AudioUpload.jsx,355,DM Sans,"<span style={{ fontFamily: 'DM Sans', fontSize: 12, color: 'var(--tx2)', width: 110, flexShrink: 0 }}>"
src/pages/admin/AudioUpload.jsx,358,DM Sans,"<span style={{ fontFamily: 'DM Sans', fontSize: 12, color: bitrateOk ? 'var(--tx2)' : '#8b6000' }}>"
src/pages/admin/AudioUpload.jsx,378,DM Sans,"fontFamily: 'DM Sans', fontSize: 13, color: 'var(--tx2)',"
src/pages/admin/AudioUpload.jsx,400,DM Sans,"fontFamily: 'DM Sans', fontSize: 12, color: 'var(--tx2)',"
src/pages/admin/AudioUpload.jsx,404,Space Mono,"fontFamily: 'Space Mono', fontSize: 11,"
src/pages/admin/AudioUpload.jsx,408,DM Sans,"fontFamily: 'DM Sans', fontSize: 14, color: 'var(--tx)',"
src/pages/admin/AudioUpload.jsx,418,DM Sans,"fontFamily: 'DM Sans', fontSize: 13, color: '#8b4513',"
src/pages/admin/AudioUpload.jsx,423,DM Sans,"fontFamily: 'DM Sans', fontSize: 14, fontWeight: 600,"
src/pages/admin/QuestionnairePreview.jsx,85,Space Mono,"<p style={{ color: 'var(--tx3)', fontFamily: 'Space Mono', fontSize: 'var(--fs-mono-sm)' }}>Loading…</p>"
src/pages/admin/QuestionnairePreview.jsx,115,DM Sans,"<span style={{ fontFamily: 'DM Sans', fontSize: 'var(--fs-body-sm)', color: 'var(--tx)', fontWeight: 600, flex: 1 }}>"
src/pages/admin/QuestionnairePreview.jsx,168,DM Serif Display,"<h3 style={{ fontFamily: 'DM Serif Display', fontSize: 20, color: 'var(--tx)', margin: 0 }}>"
src/pages/admin/QuestionnairePreview.jsx,177,Space Mono,"flex: 1, minHeight: 300, fontFamily: 'Space Mono',"
src/pages/admin/QuestionnairePreview.jsx,184,Space Mono,"<p style={{ color: '#c0392b', fontFamily: 'Space Mono', fontSize: 'var(--fs-mono-sm)', margin: 0 }}>"
src/pages/admin/QuestionnairePreview.jsx,195,DM Sans,"fontFamily: 'DM Sans', fontSize: 'var(--fs-body-sm)', fontWeight: 600,"
src/pages/admin/QuestionnairePreview.jsx,224,DM Sans,"fontFamily:   'DM Sans',"
src/pages/admin/QuestionnairesPage.jsx,39,DM Serif Display,"<h1 style={{ fontFamily: 'DM Serif Display', fontSize: 28, color: 'var(--tx)', margin: 0 }}>"
src/pages/admin/QuestionnairesPage.jsx,48,DM Sans,"fontFamily: 'DM Sans', fontSize: 'var(--fs-body-sm)', fontWeight: 600,"
src/pages/admin/QuestionnairesPage.jsx,69,DM Sans,"fontFamily: 'DM Sans', fontSize: 'var(--fs-body-sm)',"
src/pages/admin/QuestionnairesPage.jsx,87,Space Mono,"<p style={{ color: 'var(--tx3)', fontFamily: 'Space Mono', fontSize: 'var(--fs-mono-sm)' }}>"
src/pages/admin/QuestionnairesPage.jsx,99,Space Mono,"<p style={{ fontFamily: 'Space Mono', fontSize: 'var(--fs-mono-sm)', color: '#c0392b', margin: '0 0 6px', fontWeight: 600 }}>"
src/pages/admin/QuestionnairesPage.jsx,102,DM Sans,"<p style={{ fontFamily: 'DM Sans', fontSize: 'var(--fs-body-sm)', color: '#8b4513', margin: 0 }}>"
src/pages/admin/QuestionnairesPage.jsx,115,DM Sans,"<p style={{ color: 'var(--tx3)', fontFamily: 'DM Sans', fontSize: 'var(--fs-body)' }}>"
src/pages/admin/QuestionnairesPage.jsx,139,DM Sans,"<p style={{ fontFamily: 'DM Sans', fontSize: 'var(--fs-body-sm)', color: 'var(--tx2)', margin: '0 0 16px', lineHeight: 1.6 }}>"
src/pages/admin/QuestionnairesPage.jsx,143,Space Mono,"<code style={{ fontFamily: 'Space Mono', fontSize: 'var(--fs-mono-sm)' }}>advancedInstruments.js</code>{' '}"
src/pages/admin/QuestionnairesPage.jsx,158,DM Sans,"<p style={{ fontFamily: 'DM Sans', fontSize: 'var(--fs-body)', color: 'var(--tx)', margin: '0 0 2px', fontWeight: 600 }}>"
src/pages/admin/QuestionnairesPage.jsx,161,Space Mono,"<p style={{ fontFamily: 'Space Mono', fontSize: 'var(--fs-mono-sm)', color: 'var(--tx3)', margin: '0 0 6px' }}>"
src/pages/admin/QuestionnairesPage.jsx,164,DM Sans,"<p style={{ fontFamily: 'DM Sans', fontSize: 'var(--fs-body-sm)', color: 'var(--tx2)', margin: 0, lineHeight: 1.5 }}>"
src/pages/admin/QuestionnairesPage.jsx,174,DM Sans,"fontFamily: 'DM Sans', fontSize: 'var(--fs-body-sm)', color: 'var(--tx2)',"
src/pages/admin/QuestionnairesPage.jsx,181,Space Mono,"<span style={{ fontFamily: 'Space Mono', fontSize: 'var(--fs-mono-sm)', color: 'var(--tx3)', flexShrink: 0 }}>"
src/pages/admin/QuestionnairesPage.jsx,211,DM Sans,"<p style={{ fontFamily: 'DM Sans', fontSize: 'var(--fs-body)', color: 'var(--tx)', margin: '0 0 2px', fontWeight: 600 }}>"
src/pages/admin/QuestionnairesPage.jsx,214,Space Mono,"<p style={{ fontFamily: 'Space Mono', fontSize: 'var(--fs-mono-sm)', color: 'var(--tx3)', margin: 0 }}>"
src/pages/admin/QuestionnairesPage.jsx,225,DM Sans,"fontFamily: 'DM Sans', fontSize: 'var(--fs-body-sm)', color: 'var(--tx2)',"
src/pages/admin/QuestionnaireUpload.jsx,84,DM Sans,"fontFamily: 'DM Sans', fontSize: 'var(--fs-body-sm)', color: 'var(--tx2)',"
src/pages/admin/QuestionnaireUpload.jsx,89,DM Serif Display,"<h1 style={{ fontFamily: 'DM Serif Display', fontSize: 24, color: 'var(--tx)', margin: 0 }}>"
src/pages/admin/QuestionnaireUpload.jsx,113,DM Sans,"fontFamily: 'DM Sans', fontSize: 'var(--fs-body-sm)', color: 'var(--pkd)',"
src/pages/admin/QuestionnaireUpload.jsx,118,DM Sans,"<p style={{ fontFamily: 'DM Sans', fontSize: 'var(--fs-body-sm)', color: 'var(--tx3)', margin: 0 }}>"
src/pages/admin/QuestionnaireUpload.jsx,131,Space Mono,"fontFamily: 'Space Mono', fontSize: 'var(--fs-mono-sm)',"
src/pages/admin/QuestionnaireUpload.jsx,141,Space Mono,"<p style={{ color: '#c0392b', fontFamily: 'Space Mono', fontSize: 'var(--fs-mono-sm)', margin: '8px 0' }}>"
src/pages/admin/QuestionnaireUpload.jsx,154,Space Mono,"<p style={{ fontFamily: 'Space Mono', fontSize: 'var(--fs-mono-sm)', color: '#c0392b', margin: '0 0 6px', fontWeight: 600 }}>"
src/pages/admin/QuestionnaireUpload.jsx,158,DM Sans,"<p key={i} style={{ fontFamily: 'DM Sans', fontSize: 'var(--fs-body-sm)', color: '#8b4513', margin: '2px 0' }}>"
src/pages/admin/QuestionnaireUpload.jsx,173,Space Mono,"<p style={{ fontFamily: 'Space Mono', fontSize: 'var(--fs-mono-sm)', color: 'var(--pk)', margin: '0 0 4px' }}>"
src/pages/admin/QuestionnaireUpload.jsx,176,DM Sans,"<p style={{ fontFamily: 'DM Sans', fontSize: 'var(--fs-body-sm)', color: 'var(--tx2)', margin: 0 }}>"
src/pages/admin/QuestionnaireUpload.jsx,186,DM Sans,"<p style={{ color: '#c0392b', fontFamily: 'DM Sans', fontSize: 'var(--fs-body-sm)', margin: '8px 0' }}>"
src/pages/admin/QuestionnaireUpload.jsx,203,DM Sans,"fontFamily: 'DM Sans', fontSize: 'var(--fs-body)', fontWeight: 600,"
src/pages/admin/StudyFormPage.jsx,394,sans-serif,"srcDoc={`<html><body style=""font-family:sans-serif;font-size:14px;color:#1c1c1e;padding:16px;white-space:pre-wrap"">${previewHtml}</body></ht"
src/pages/admin/TrainingLibrary.jsx,91,DM Sans,"<p style={{ fontFamily: 'DM Sans', color: 'var(--tx2)', fontSize: 15, margin: '0 0 12px' }}>"
src/pages/admin/TrainingLibrary.jsx,130,DM Sans,"<p style={{ fontFamily: 'DM Sans', fontSize: 12, color: 'var(--tx3)', margin: '8px 2px 0' }}>"
src/pages/admin/TrainingLibrary.jsx,133,Space Mono,"<span style={{ fontFamily: 'Space Mono', fontSize: 11 }}>liliana_pre_intervention_ratings</span> /{' '}"
src/pages/admin/TrainingLibrary.jsx,134,Space Mono,"<span style={{ fontFamily: 'Space Mono', fontSize: 11 }}>liliana_post_intervention_ratings</span>{' '}"
src/pages/admin/TrainingLibrary.jsx,206,DM Sans,"<span style={{ fontFamily: 'DM Sans', fontSize: 13, color: 'var(--tx2)' }}>Delete?</span>"
src/pages/admin/TrainingLibrary.jsx,256,DM Sans,"sub: { fontFamily: 'DM Sans', fontSize: 13, color: 'var(--tx3)', margin: 0 },"
src/pages/admin/TrainingLibrary.jsx,257,Space Mono,"meta: { fontFamily: 'Space Mono', fontSize: 12, color: 'var(--tx3)', margin: 0 },"
src/pages/admin/TrainingLibrary.jsx,261,DM Sans,"fontFamily: 'DM Sans', fontSize: 14, fontWeight: 600,"
src/pages/admin/TrainingLibrary.jsx,267,DM Sans,"fontFamily: 'DM Sans', fontSize: 14, color: '#8b4513',"
src/pages/admin/TrainingLibrary.jsx,280,Space Mono,"fontFamily: 'Space Mono', fontSize: 11, color: 'var(--tx2)',"
src/pages/admin/TrainingLibrary.jsx,284,DM Sans,"fontFamily: 'DM Sans', fontSize: 12, color: 'var(--tx3)',"
src/pages/admin/TrainingLibrary.jsx,302,Space Mono,"fontFamily: 'Space Mono', fontSize: 9, color: 'var(--pk)',"
src/pages/admin/TrainingLibrary.jsx,306,Space Mono,"fontFamily: 'Space Mono', fontSize: 13, fontWeight: 700, color: 'var(--tx)',"
src/pages/admin/TrainingLibrary.jsx,309,DM Sans,"fontFamily: 'DM Sans', fontSize: 14, fontWeight: 600,"
src/pages/admin/TrainingLibrary.jsx,314,DM Sans,"fontFamily: 'DM Sans', fontSize: 12, color: 'var(--tx2)',"
src/pages/admin/TrainingLibrary.jsx,318,DM Sans,"fontFamily: 'DM Sans', fontSize: 12, color: 'var(--tx3)', margin: 0,"
src/pages/admin/TrainingLibrary.jsx,321,Space Mono,"fontFamily: 'Space Mono', fontSize: 10, color: 'var(--gy)',"
src/pages/admin/TrainingLibrary.jsx,324,Space Mono,"fontFamily: 'Space Mono', fontSize: 10, color: 'var(--tx2)',"
src/pages/admin/TrainingLibrary.jsx,330,DM Sans,"fontFamily: 'DM Sans', fontSize: 12,"
src/pages/admin/TrainingLibrary.jsx,336,DM Sans,"fontFamily: 'DM Sans', fontSize: 12, color: 'var(--tx2)', cursor: 'pointer',"
src/pages/admin/TrainingLibrary.jsx,341,DM Sans,"fontFamily: 'DM Sans', fontSize: 12, color: '#c0392b', cursor: 'pointer',"
src/pages/admin/TrainingUpload.jsx,286,DM Sans,"<p style={{ fontFamily: 'DM Sans', fontSize: 13, color: 'var(--tx3)', margin: 0 }}>"
src/pages/admin/TrainingUpload.jsx,304,Space Mono,"<p style={{ color: '#c0392b', fontFamily: 'Space Mono', fontSize: 12, margin: '8px 0' }}>"
src/pages/admin/TrainingUpload.jsx,311,Space Mono,"<p style={{ fontFamily: 'Space Mono', fontSize: 12, color: '#c0392b', margin: '0 0 6px', fontWeight: 600 }}>"
src/pages/admin/TrainingUpload.jsx,315,DM Sans,"<p key={i} style={{ fontFamily: 'DM Sans', fontSize: 13, color: '#8b4513', margin: '2px 0' }}>· {e}</p>"
src/pages/admin/TrainingUpload.jsx,345,DM Sans,"<p style={{ color: '#c0392b', fontFamily: 'DM Sans', fontSize: 13, margin: '8px 0' }}>"
src/pages/admin/TrainingUpload.jsx,385,Space Mono,"<p style={{ fontFamily: 'Space Mono', fontSize: 11, textTransform: 'uppercase', letterSpacing: '0.06em', margin: '0 0 10px', color: allFound"
src/pages/admin/TrainingUpload.jsx,391,Space Mono,"<span style={{ fontFamily: 'Space Mono', fontSize: 11, color: c.found ? '#1EA878' : '#c0392b', flexShrink: 0, width: 14, textAlign: 'center'"
src/pages/admin/TrainingUpload.jsx,395,Space Mono,"<p style={{ fontFamily: 'Space Mono', fontSize: 11, color: 'var(--tx)', margin: '0 0 1px', wordBreak: 'break-all' }}>"
src/pages/admin/TrainingUpload.jsx,398,DM Sans,"<p style={{ fontFamily: 'DM Sans', fontSize: 11, color: c.found ? 'var(--tx3)' : '#c0392b', margin: 0 }}>"
src/pages/admin/TrainingUpload.jsx,409,DM Sans,"<p style={{ fontFamily: 'DM Sans', fontSize: 12, color: 'var(--tx2)', margin: '0 0 8px' }}>"
src/pages/admin/TrainingUpload.jsx,411,Space Mono,"<code style={{ fontFamily: 'Space Mono', fontSize: 11, background: 'rgba(0,0,0,0.06)', padding: '1px 5px', borderRadius: 4 }}>"
src/pages/admin/TrainingUpload.jsx,423,Space Mono,"<p style={{ fontFamily: 'Space Mono', fontSize: 11, color: '#8b6000', margin: '8px 0 0' }}>"
src/pages/admin/TrainingUpload.jsx,451,Space Mono,"<p style={{ fontFamily: 'Space Mono', fontSize: 11, textTransform: 'uppercase', letterSpacing: '0.06em', margin: '0 0 10px', color: allFound"
src/pages/admin/TrainingUpload.jsx,457,Space Mono,"<span style={{ fontFamily: 'Space Mono', fontSize: 11, color: c.found ? '#1EA878' : '#c0392b', flexShrink: 0, width: 14, textAlign: 'center'"
src/pages/admin/TrainingUpload.jsx,461,Space Mono,"<p style={{ fontFamily: 'Space Mono', fontSize: 11, color: 'var(--tx)', margin: '0 0 1px', wordBreak: 'break-all' }}>"
src/pages/admin/TrainingUpload.jsx,464,DM Sans,"<p style={{ fontFamily: 'DM Sans', fontSize: 11, color: c.found ? 'var(--tx3)' : '#c0392b', margin: 0 }}>"
src/pages/admin/TrainingUpload.jsx,475,DM Sans,"<p style={{ fontFamily: 'DM Sans', fontSize: 12, color: 'var(--tx2)', margin: '0 0 8px' }}>"
src/pages/admin/TrainingUpload.jsx,486,Space Mono,"<p style={{ fontFamily: 'Space Mono', fontSize: 11, color: '#8b6000', margin: '8px 0 0' }}>"
src/pages/admin/TrainingUpload.jsx,500,Space Mono,"<p style={{ fontFamily: 'Space Mono', fontSize: 11, color: 'var(--pk)', margin: '0 0 10px' }}>"
src/pages/admin/TrainingUpload.jsx,513,Space Mono,"<p style={{ fontFamily: 'Space Mono', fontSize: 10, color: 'var(--tx3)', textTransform: 'uppercase', letterSpacing: '0.05em', margin: '10px "
src/pages/admin/TrainingUpload.jsx,520,Space Mono,"<span key={i} style={{ background: col.bg, color: col.color, borderRadius: 6, padding: '3px 10px', fontFamily: 'Space Mono', fontSize: 11 }}"
src/pages/admin/TrainingUpload.jsx,533,Space Mono,"<span style={{ fontFamily: 'Space Mono', fontSize: 10, color: 'var(--tx3)', textTransform: 'uppercase', letterSpacing: '0.04em' }}>{label}: "
src/pages/admin/TrainingUpload.jsx,543,DM Sans,"backBtn: { background: 'var(--bgc)', border: '1px solid var(--bd)', borderRadius: 8, padding: '6px 14px', cursor: 'pointer', fontFamily: 'DM"
src/pages/admin/TrainingUpload.jsx,545,DM Sans,"chooseBtn: { background: 'var(--bgp)', border: '1px solid var(--pkbs)', borderRadius: 8, padding: '8px 16px', cursor: 'pointer', fontFamily:"
src/pages/admin/TrainingUpload.jsx,546,Space Mono,"textarea: { width: '100%', minHeight: 260, boxSizing: 'border-box', fontFamily: 'Space Mono', fontSize: 12, color: 'var(--tx)', background: "
src/pages/admin/TrainingUpload.jsx,549,DM Sans,"primaryBtn: { background: 'var(--pk)', color: '#fff', border: 'none', borderRadius: 10, padding: '12px 28px', fontFamily: 'DM Sans', fontSiz"
src/pages/admin/TrainingUpload.jsx,550,DM Sans,"overrideBtn: { background: 'transparent', border: '1px solid #c09000', borderRadius: 7, padding: '5px 12px', cursor: 'pointer', fontFamily: "
src/pages/admin/UserAdminPage.jsx,291,inherit,"color: 'var(--tx)', marginBottom: 20, fontFamily: 'inherit',"
src/pages/admin/UserAdminPage.jsx,323,inherit,"cursor: 'pointer', fontFamily: 'inherit',"
src/pages/admin/UserAdminPage.jsx,328,inherit,"cursor: 'pointer', fontFamily: 'inherit',"
src/pages/admin/VideoLibrary.jsx,128,DM Sans,"<p style={{ margin: '0 0 12px', fontFamily: 'DM Sans', color: 'var(--tx2)', fontSize: 15 }}>"
src/pages/admin/VideoLibrary.jsx,199,DM Sans,"fontFamily: 'DM Sans',"
src/pages/admin/VideoLibrary.jsx,213,Space Mono,"fontFamily: 'Space Mono',"
src/pages/admin/VideoLibrary.jsx,272,DM Sans,"<span style={{ fontFamily: 'DM Sans', fontSize: 13, color: 'var(--tx2)' }}>Delete?</span>"
src/pages/admin/VideoLibrary.jsx,320,DM Sans,"fontFamily: 'DM Sans', fontSize: 15, fontWeight: 600,"
src/pages/admin/VideoLibrary.jsx,326,Space Mono,"fontFamily: 'Space Mono', fontSize: 11,"
src/pages/admin/VideoLibrary.jsx,337,DM Sans,"fontFamily: 'DM Sans', fontSize: 13, color: '#fff',"
src/pages/admin/VideoLibrary.jsx,365,DM Sans,"fontFamily: 'DM Sans', fontSize: 13,"
src/pages/admin/VideoLibrary.jsx,369,Space Mono,"fontFamily: 'Space Mono', fontSize: 12,"
src/pages/admin/VideoLibrary.jsx,375,DM Sans,"fontFamily: 'DM Sans', fontSize: 14, fontWeight: 600,"
src/pages/admin/VideoLibrary.jsx,381,DM Sans,"fontFamily: 'DM Sans', fontSize: 14, color: '#8b4513',"
src/pages/admin/VideoLibrary.jsx,389,Space Mono,"fontFamily: 'Space Mono', fontSize: 11,"
src/pages/admin/VideoLibrary.jsx,410,DM Sans,"fontFamily: 'DM Sans', fontSize: 14, fontWeight: 600,"
src/pages/admin/VideoLibrary.jsx,415,DM Sans,"fontFamily: 'DM Sans', fontSize: 12,"
src/pages/admin/VideoLibrary.jsx,419,DM Sans,"fontFamily: 'DM Sans', fontSize: 12,"
src/pages/admin/VideoLibrary.jsx,424,Space Mono,"fontFamily: 'Space Mono', fontSize: 11,"
src/pages/admin/VideoLibrary.jsx,431,DM Sans,"fontFamily: 'DM Sans', fontSize: 12,"
src/pages/admin/VideoLibrary.jsx,437,DM Sans,"fontFamily: 'DM Sans', fontSize: 12,"
src/pages/admin/VideoLibrary.jsx,443,DM Sans,"fontFamily: 'DM Sans', fontSize: 12,"
src/pages/admin/VideoUpload.jsx,239,DM Sans,"<p style={{ fontFamily: 'DM Sans', fontSize: 14, fontWeight: 600, color: 'var(--tx)', margin: '0 0 4px' }}>"
src/pages/admin/VideoUpload.jsx,242,Space Mono,"<p style={{ fontFamily: 'Space Mono', fontSize: 11, color: 'var(--tx3)', margin: '0 0 8px' }}>"
src/pages/admin/VideoUpload.jsx,260,DM Sans,"<p style={{ fontFamily: 'DM Sans', fontSize: 15, color: 'var(--tx2)', margin: '8px 0 4px' }}>"
src/pages/admin/VideoUpload.jsx,263,DM Sans,"<p style={{ fontFamily: 'DM Sans', fontSize: 13, color: 'var(--tx3)', margin: 0 }}>"
src/pages/admin/VideoUpload.jsx,303,Space Mono,"<p style={{ fontFamily: 'Space Mono', fontSize: 11, color: 'var(--tx3)', margin: '4px 0 0' }}>"
src/pages/admin/VideoUpload.jsx,324,DM Sans,"<span style={{ fontFamily: 'DM Sans', fontSize: 13, color: 'var(--tx2)' }}>"
src/pages/admin/VideoUpload.jsx,327,Space Mono,"<span style={{ fontFamily: 'Space Mono', fontSize: 11, color: 'var(--tx3)' }}>{progress}%</span>"
src/pages/admin/VideoUpload.jsx,401,Space Mono,"fontFamily: 'Space Mono', fontSize: 11,"
src/pages/admin/VideoUpload.jsx,413,Space Mono,"fontFamily: 'Space Mono', fontSize: 10,"
src/pages/admin/VideoUpload.jsx,419,DM Sans,"<span style={{ fontFamily: 'DM Sans', fontSize: 12, color: 'var(--tx2)', width: 90, flexShrink: 0 }}>"
src/pages/admin/VideoUpload.jsx,423,DM Sans,"fontFamily: 'DM Sans', fontSize: 12,"
src/pages/admin/VideoUpload.jsx,434,DM Sans,"<p style={{ fontFamily: 'DM Sans', fontSize: 12, color: 'var(--tx2)', margin: '0 0 8px' }}>"
src/pages/admin/VideoUpload.jsx,435,Space Mono,"Run <code style={{ fontFamily: 'Space Mono', fontSize: 11, background: 'rgba(0,0,0,0.06)', padding: '1px 5px', borderRadius: 4 }}>encode_stu"
src/pages/admin/VideoUpload.jsx,442,Space Mono,"<p style={{ fontFamily: 'Space Mono', fontSize: 11, color: '#8b6000', margin: 0 }}>"
src/pages/admin/VideoUpload.jsx,462,DM Sans,"fontFamily: 'DM Sans', fontSize: 13, color: 'var(--tx2)',"
src/pages/admin/VideoUpload.jsx,484,DM Sans,"fontFamily: 'DM Sans', fontSize: 12, color: 'var(--tx2)',"
src/pages/admin/VideoUpload.jsx,489,DM Sans,"fontFamily: 'DM Sans', fontSize: 12, color: '#8b6000',"
src/pages/admin/VideoUpload.jsx,493,Space Mono,"fontFamily: 'Space Mono', fontSize: 11,"
src/pages/admin/VideoUpload.jsx,497,DM Sans,"fontFamily: 'DM Sans', fontSize: 14, color: 'var(--tx)',"
src/pages/admin/VideoUpload.jsx,507,DM Sans,"fontFamily: 'DM Sans', fontSize: 13, color: '#8b4513',"
src/pages/admin/VideoUpload.jsx,512,DM Sans,"fontFamily: 'DM Sans', fontSize: 14, fontWeight: 600,"
src/pages/Dashboard.jsx,210,"DM Sans,sans-serif","<text x={CX + R - 2} y={CY - R + 9}  textAnchor=""end""   fontSize={7} fill=""#C4A000"" fontFamily=""DM Sans,sans-serif"">excited</text>"
src/pages/Dashboard.jsx,211,"DM Sans,sans-serif","<text x={CX - R + 2} y={CY - R + 9}  textAnchor=""start"" fontSize={7} fill=""#804080"" fontFamily=""DM Sans,sans-serif"">tense</text>"
src/pages/Dashboard.jsx,212,"DM Sans,sans-serif","<text x={CX + R - 2} y={CY + R - 2}  textAnchor=""end""   fontSize={7} fill=""#4a9a6a"" fontFamily=""DM Sans,sans-serif"">calm</text>"
src/pages/Dashboard.jsx,213,"DM Sans,sans-serif","<text x={CX - R + 2} y={CY + R - 2}  textAnchor=""start"" fontSize={7} fill=""#4888cc"" fontFamily=""DM Sans,sans-serif"">sad</text>"
src/pages/Dashboard.jsx,250,"Space Mono,monospace","<text x={SW_PAD.l + 2} y={SW_PAD.t - 2} fontSize={7} fill=""var(--tx3)"" fontFamily=""Space Mono,monospace"">{label}</text>"
src/pages/Dashboard.jsx,351,"Space Mono,monospace","<text x={SP_PAD.l + 2} y={SP_PAD.t - 2} fontSize={7} fill=""var(--tx3)"" fontFamily=""Space Mono,monospace"">{label}</text>"
src/pages/Dashboard.jsx,965,inherit,"fontFamily: 'inherit', transition: 'all 0.15s',"
src/pages/dev/AudioTest.tsx,10,"DM Sans, sans-serif","<div style={{ maxWidth: 640, margin: '2rem auto', padding: '0 1rem', fontFamily: 'DM Sans, sans-serif' }}>"
src/pages/dev/VideoTest.tsx,36,sans-serif,"return <p style={{ padding: '2rem', fontFamily: 'sans-serif', color: '#c00' }}>{loadError}</p>"
src/pages/dev/VideoTest.tsx,40,sans-serif,"return <p style={{ padding: '2rem', fontFamily: 'sans-serif', color: '#666' }}>Loading…</p>"
src/pages/dev/VideoTest.tsx,44,"DM Sans, sans-serif","<div style={{ maxWidth: 960, margin: '2rem auto', padding: '0 1rem', fontFamily: 'DM Sans, sans-serif' }}>"
src/pages/ForgotPassword.jsx,87,inherit,"input: { padding: '10px 14px', borderRadius: 9, border: '1px solid var(--bds)', background: 'var(--bgp)', fontSize: 15, color: 'var(--tx)', "
src/pages/ForgotPassword.jsx,88,inherit,"btnPrimary: { display: 'block', width: '100%', padding: '12px 0', background: 'var(--pk)', border: 'none', borderRadius: 12, color: '#fff', "
src/pages/keynote/graphics.jsx,147,monospace,"<text x={xOf(tk)} y={h + 15} fill={GRY} fontSize=""9"" fontFamily=""monospace"" textAnchor=""middle"">{tk}</text>"
src/pages/keynote/graphics.jsx,196,monospace,"<text x={(x1 + x2) / 2} y={49} fill={GRY} fontSize=""10"" fontFamily=""monospace"" textAnchor=""middle"">{sub}</text>"
src/pages/keynote/graphics.jsx,204,monospace,"<text x={padL} y={22} fill=""#e0447a"" fontSize=""12"" fontFamily=""monospace"" letterSpacing=""0.08em"">MISSED TRIAL</text>"
src/pages/keynote/graphics.jsx,213,monospace,"<text x={cueX + 5} y={bandTop + 4} fill=""#c98a1f"" fontSize=""10"" fontFamily=""monospace"">rate-change cue</text>"
src/pages/keynote/graphics.jsx,224,monospace,"<text x={xOf(tk)} y={bandBot + 28} fill={GRY} fontSize=""9"" fontFamily=""monospace"" textAnchor=""middle"">{tk}</text>"
src/pages/keynote/graphics.jsx,227,monospace,"<text x={xOf(T)} y={bandBot + 28} fill={GRY} fontSize=""9"" fontFamily=""monospace"" textAnchor=""end"">s</text>"
src/pages/Login.jsx,75,inherit,"input: { padding: '10px 14px', borderRadius: 9, border: '1px solid var(--bds)', background: 'var(--bgp)', fontSize: 15, color: 'var(--tx)', "
src/pages/Login.jsx,77,inherit,"btnPrimary: { padding: '12px 0', background: 'var(--pk)', border: 'none', borderRadius: 12, color: '#fff', fontSize: 15, fontWeight: 600, cu"
src/pages/PlatformPage.jsx,212,var(--mono),"<p style={{ fontFamily: 'var(--mono)', fontSize: 11, letterSpacing: '1.5px', textTransform: 'uppercase', color: 'var(--tx3)', marginBottom: "
src/pages/PlatformPage.jsx,213,var(--mono),"<p style={{ fontFamily: 'var(--mono)', fontSize: 18, fontWeight: 700, color: 'var(--tx)' }}>{val}</p>"
src/pages/PlatformPage.jsx,214,var(--mono),"{up && <p style={{ fontFamily: 'var(--mono)', fontSize: 11, color: '#1D9E75', marginTop: 2 }}>↑ {up}</p>}"
src/pages/PlatformPage.jsx,222,var(--mono),"<p style={{ fontFamily: 'var(--mono)', fontSize: 11, letterSpacing: '1.5px', textTransform: 'uppercase', color: 'var(--tx3)', marginBottom: "
src/pages/PlatformPage.jsx,223,var(--mono),"<p style={{ fontFamily: 'var(--mono)', fontSize: 14, color: 'var(--tx)' }}>{val}</p>"
src/pages/PlatformPage.jsx,390,inherit,"btnPrimary: { display: 'inline-block', fontSize: 14, padding: '9px 20px', borderRadius: 9, fontWeight: 500, background: 'var(--pk)', border:"
src/pages/PlatformPage.jsx,391,inherit,"btnOutline: { display: 'inline-block', fontSize: 14, padding: '9px 20px', borderRadius: 9, fontWeight: 500, border: '1px solid var(--bds)', "
src/pages/ResetPassword.jsx,144,inherit,"input: { padding: '10px 14px', borderRadius: 9, border: '1px solid var(--bds)', background: 'var(--bgp)', fontSize: 15, color: 'var(--tx)', "
src/pages/ResetPassword.jsx,145,inherit,"btnPrimary: { display: 'block', width: '100%', padding: '12px 0', background: 'var(--pk)', border: 'none', borderRadius: 12, color: '#fff', "
src/pages/Signup.jsx,134,inherit,"input: { padding: '10px 14px', borderRadius: 9, border: '1px solid var(--bds)', background: 'var(--bgp)', fontSize: 15, color: 'var(--tx)', "
src/pages/Signup.jsx,136,inherit,"btnPrimary: { display: 'block', width: '100%', padding: '12px 0', background: 'var(--pk)', border: 'none', borderRadius: 12, color: '#fff', "